Chromosome,Position,Enzyme Name,Cut Sequence Number,Cut Position in Sequence,Found Recognition Sequence,All Recognition Sequences,Sequence 1,Sequence 2
5,117815787,AflIII,2,505,ACGTGT,"ACACGT,ACGTGT,ACATGT,ACGCGT",CTTAGCAGAGTCCCCTGACTCCCACTCTCCACCCCAGACCCCTGAGCCAGGTTCAGCTGTAAAACCGAGGTGAAAACGGGGCCTCCCGGGTGGGATTAAATGCACAGGGACATTTGTGAAGGGAACATTCCAGGAAGTTTGTTGCTGCCGCGCTGTTGCTAAGAAAGGCGGGAAGAAAGCCAAAATACACACAAACGGCCGTTCTCCCTGTATTTTCGCCACGCTGTTTTCCTGCATGAAAAATATATAGCTTCTTTTTTTAACACCTTTAAAGAAAATACAANNNNNNNNNNNNNNNNNNNNNNNNNNNNNNNNNNNNNNNNNNNNNNNNNNNNNNNNNNNNNNNNNNNNNNNNNNNNNNNNNNNNNNNNNNNNNNNNNNNNNNNNNNNNCCACACGCAGCAGACCAGGAGCGGCGAGCAGCCCGGGCTTCCGCGCGCCGTCGCGGCAGTCCCCGGTCCTTCTCTAGGGCGCAGAGCACCGCTCAGCTCTGAGTCCCTCATGTGTCCGGCTGCCCGGCAGAATACTGTGCTGTGAGAATGGACCCTTCTTATTTGGGGAGCATTAAAAAGAGGAGACTTTTCACAAGGGTCAGAATCAGCTGGTCACCTTAACACGAACCACCGCAGAGCTGTCCATTTCTCAGGCAATGCAGTGACCCGACTCCTGAGGACTGCGGCCACAGGTCGAAGGAGGTGCTTTTGTGATAGTTGCTCAGACGTGGGAAAACCCAGGGCTGGGAGGCAGAGGTCCACCGAGCGTGGCCTGTGCGCTCGGCACTGCGTATGAAGAAGCACCTCCTACTGGCCCCAGCGATCTCCGTGGGGACGCCTTTTGTTCTGGAAAAGATCCTCCCCAGGTGTGGCCTTTCACCAGACAAGCTCGGGGGCCGGTGAGCGGGGCCCAGGAGCGTCAGAGCTGCCGTCCCCACCAGGCCGGGTCCCTTATCTGTATCTGCCTGGCCGGGCAGGCTCTCCGAGTTTTCTGGGAACCCAGGAGTTCAC,CTTAGCAGAGTCCCCTGACTCCCACTCTCCACCCCAGACCCCTGAGCCAGGTTCAGCTGTAAAACCGAGGTGAAAACGGGGCCTCCCGGGTGGGATTAAATGCACAGGGACATTTGTGAAGGGAACATTCCAGGAAGTTTGTTGCTGCCGCGCTGTTGCTAAGAAAGGCGGGAAGAAAGCCAAAATACACACAAACGGCCGTTCTCCCTGTATTTTCGCCACGCTGTTTTCCTGCATGAAAAATATATAGCTTCTTTTTTTAACACCTTTAAAGAAAATACAANNNNNNNNNNNNNNNNNNNNNNNNNNNNNNNNNNNNNNNNNNNNNNNNNNNNNNNNNNNNNNNNNNNNNNNNNNNNNNNNNNNNNNNNNNNNNNNNNNNNNNNNNNNNCCACACGCAGCAGACCAGGAGCGGCGAGCAGCCCGGGCTTCCGCGCGCCGTCGCGGCAGTCCCCGGTCCTTCTCTAGGGCGCAGAGCACCGCTCAGCTCTGAGTCCCTCACGTGTCCGGCTGCCCGGCAGAATACTGTGCTGTGAGAATGGACCCTTCTTATTTGGGGAGCATTAAAAAGAGGAGACTTTTCACAAGGGTCAGAATCAGCTGGTCACCTTAACACGAACCACCGCAGAGCTGTCCATTTCTCAGGCAATGCAGTGACCCGACTCCTGAGGACTGCGGCCACAGGTCGAAGGAGGTGCTTTTGTGATAGTTGCTCAGACGTGGGAAAACCCAGGGCTGGGAGGCAGAGGTCCACCGAGCGTGGCCTGTGCGCTCGGCACTGCGTATGAAGAAGCACCTCCTACTGGCCCCAGCGATCTCCGTGGGGACGCCTTTTGTTCTGGAAAAGATCCTCCCCAGGTGTGGCCTTTCACCAGACAAGCTCGGGGGCCGGTGAGCGGGGCCCAGGAGCGTCAGAGCTGCCGTCCCCACCAGGCCGGGTCCCTTATCTGTATCTGCCTGGCCGGGCAGGCTCTCCGAGTTTTCTGGGAACCCAGGAGTTCAC
5,117813204,AvaI,1,498,CCCGGG,"CCCGAG,CTCGGG,CCCGGG,CTCGAG",GCATGCAAGGCTCTGTGGGCACAGAGGGGAGGAGCAAAGAACAGACAGCAAGGCGAAAGGAGCTGCCCCTTCACATCTTCAAGATGAATTTTTAAAGTTTGTGCAAGAGAAAAAGACGGCCAGGAATAAAGGGGCCACGTGGCAGGACATAAGTCACCTTACTTCTCAAGCGAAAGGGGCTCCGGGCACAGGACAGGTAAAGGCCCGAGCCCTGACATTCCCTCCTCCTCCTGGGGCCTGGCCCCAGGGGGCAGCTATCCCAGTCGGGGGATCCCTGCCCTTTTCTCACCCCGAGCCCCACCCCACAGCGGCCTGGCGTGGACACCCAGGGGCCGAGGGGACACAGCATACGATCCAAGAGCTGGAGGCCCAGGCCAGCCAGCAGGGCCTGAAGAAGGGGCAGACTACACTGCTCAGTGCCCACAGGCTGCCCCGAGCAGAGCCCACCACGGGCAGGCGGGATCGGGGCCAGTGAGGACAGGCCCACCGTGCCCACCCCCGGGAAGAGTTCTGAAGGATGCCTTGCGCATCNNNNNNNNNNNNNCGGGCCAAAACAACCAGCTTTGCAAATCTGTGCGGATCCGGGTTCCTGGCTCCCGGCGAACCCACCCCAAGTCGTCACTTGGGGTCTGCCCCTTTTTATTTCCCTTCAGCTATTTCTTCTCCTTGGGCAGCAACCCCCCCTCCCTGGGCTTTTCCATTCAGGGGTCCCGGAGCAGCCCGTGGGGATTGTTTGTGACACAATAGGGCTTGGTCCCCACGAAGTGCTCATATTTCTACAGCCTTTTAACCTGCTACAGACAATTCCTCATCAGGGAGGCGGATGGGGGTTCAATTTCAAATGCTGGTTGCAAGGGAAGGAGGTGTGGGGTGGGGGCTCGAAACCAGATACCAGGAGGGGCAAGTCTTGGGAACGAAATAGATCCACGCTCTGTGTCAGAAATGATTAACCGACGTTCATATCAAAGAATTCACAGACGGCTGGGCCTGAGGAATGTCACAA,GCATGCAAGGCTCTGTGGGCACAGAGGGGAGGAGCAAAGAACAGACAGCAAGGCGAAAGGAGCTGCCCCTTCACATCTTCAAGATGAATTTTTAAAGTTTGTGCAAGAGAAAAAGACGGCCAGGAATAAAGGGGCCACGTGGCAGGACATAAGTCACCTTACTTCTCAAGCGAAAGGGGCTCCGGGCACAGGACAGGTAAAGGCCCGAGCCCTGACATTCCCTCCTCCTCCTGGGGCCTGGCCCCAGGGGGCAGCTATCCCAGTCGGGGGATCCCTGCCCTTTTCTCACCCCGAGCCCCACCCCACAGCGGCCTGGCGTGGACACCCAGGGGCCGAGGGGACACAGCATACGATCCAAGAGCTGGAGGCCCAGGCCAGCCAGCAGGGCCTGAAGAAGGGGCAGACTACACTGCTCAGTGCCCACAGGCTGCCCCGAGCAGAGCCCACCACGGGCAGGCGGGATCGGGGCCAGTGAGGACAGGCCCACCGTGCCCACCCCCGAGAAGAGTTCTGAAGGATGCCTTGCGCATCNNNNNNNNNNNNNCGGGCCAAAACAACCAGCTTTGCAAATCTGTGCGGATCCGGGTTCCTGGCTCCCGGCGAACCCACCCCAAGTCGTCACTTGGGGTCTGCCCCTTTTTATTTCCCTTCAGCTATTTCTTCTCCTTGGGCAGCAACCCCCCCTCCCTGGGCTTTTCCATTCAGGGGTCCCGGAGCAGCCCGTGGGGATTGTTTGTGACACAATAGGGCTTGGTCCCCACGAAGTGCTCATATTTCTACAGCCTTTTAACCTGCTACAGACAATTCCTCATCAGGGAGGCGGATGGGGGTTCAATTTCAAATGCTGGTTGCAAGGGAAGGAGGTGTGGGGTGGGGGCTCGAAACCAGATACCAGGAGGGGCAAGTCTTGGGAACGAAATAGATCCACGCTCTGTGTCAGAAATGATTAACCGACGTTCATATCAAAGAATTCACAGACGGCTGGGCCTGAGGAATGTCACAA
5,117812596,BanI,1,502,GGCGCC,"GGCACC,GGTGCC,GGCGCC",NNNNNNNNNNNNNNNNNNNNNNNNNNNNNNNNNNNNNNNNNNNNNNNNNNNNNNNNNNNNNNNNNNNNNNNNNNNNNNNNNNNNNNNNNNNNNNNNNNNNNNNNNNNNNNNNNNNNNNNNNNNNNNNNNNNNNNNNNNNNNNNNNNNNNNNNNNNNNNNNNNNNNNNNNNNNNNNNNNNNNNNNNNNNNNNNNTTGGATGGACACCCACCATTCACCTTCCCCGTTTTTTCTATCTGTCAAACGAGGATAAACTGCATCCCAAAGCCTTCCTAGAGAGACTCACAAGCAATTACAGGCAGAAAGAGCAGCGAGCGTTCTCCATCAGGCTTGGGAAGTGTGTGTGTCGACACAGTCAGCCTGACTTGGGGGTTTGGGAGGAACAAAGGCCCCAGCAAGGGTGTCTGATCTGGGCTCAGCTCATCCATCTTGGTCGAGGGAAGACAAAGCATGGCTGGATGGCTGGTGGGGGGGAGGAATCAGGACAATCGTGAGGCGGCGACGGCGCCTGGCTCAGGCGCACACGGCCAGCCGCGCGTTGGCAGGAGGGACTGTGATGCGAGCGGTTCACCCGAGCATTCAGGGCGAGACTGGGGCTGGGGAGGAGAAGGCATGCAAGGCTCTGTGGGCACAGAGGGGAGGAGCAAAGAACAGACAGCAAGGCGAAAGGAGCTGCCCCTTCACATCTTCAAGATGAATTTTTAAAGTTTGTGCAAGAGAAAAAGACGGCCAGGAATAAAGGGGCCACGTGGCAGGACATAAGTCACCTTACTTCTCAAGCGAAAGGGGCTCCGGGCACAGGACAGGTAAAGGCCCGAGCCCTGACATTCCCTCCTCCTCCTGGGGCCTGGCCCCAGGGGGCAGCTATCCCAGTCGGGGGATCCCTGCCCTTTTCTCACCCCGAGCCCCACCCCACAGCGGCCTGGCGTGGACACCCAGGGGCCGAGGGGACACAGCATACGATCCAAGAGCTGGAGGCCCAGGCCAGCCAGCAGGGCCTGAAGA,NNNNNNNNNNNNNNNNNNNNNNNNNNNNNNNNNNNNNNNNNNNNNNNNNNNNNNNNNNNNNNNNNNNNNNNNNNNNNNNNNNNNNNNNNNNNNNNNNNNNNNNNNNNNNNNNNNNNNNNNNNNNNNNNNNNNNNNNNNNNNNNNNNNNNNNNNNNNNNNNNNNNNNNNNNNNNNNNNNNNNNNNNNNNNNNNNTTGGATGGACACCCACCATTCACCTTCCCCGTTTTTTCTATCTGTCAAACGAGGATAAACTGCATCCCAAAGCCTTCCTAGAGAGACTCACAAGCAATTACAGGCAGAAAGAGCAGCGAGCGTTCTCCATCAGGCTTGGGAAGTGTGTGTGTCGACACAGTCAGCCTGACTTGGGGGTTTGGGAGGAACAAAGGCCCCAGCAAGGGTGTCTGATCTGGGCTCAGCTCATCCATCTTGGTCGAGGGAAGACAAAGCATGGCTGGATGGCTGGTGGGGGGGAGGAATCAGGACAATCGTGAGGCGGCGACAGCGCCTGGCTCAGGCGCACACGGCCAGCCGCGCGTTGGCAGGAGGGACTGTGATGCGAGCGGTTCACCCGAGCATTCAGGGCGAGACTGGGGCTGGGGAGGAGAAGGCATGCAAGGCTCTGTGGGCACAGAGGGGAGGAGCAAAGAACAGACAGCAAGGCGAAAGGAGCTGCCCCTTCACATCTTCAAGATGAATTTTTAAAGTTTGTGCAAGAGAAAAAGACGGCCAGGAATAAAGGGGCCACGTGGCAGGACATAAGTCACCTTACTTCTCAAGCGAAAGGGGCTCCGGGCACAGGACAGGTAAAGGCCCGAGCCCTGACATTCCCTCCTCCTCCTGGGGCCTGGCCCCAGGGGGCAGCTATCCCAGTCGGGGGATCCCTGCCCTTTTCTCACCCCGAGCCCCACCCCACAGCGGCCTGGCGTGGACACCCAGGGGCCGAGGGGACACAGCATACGATCCAAGAGCTGGAGGCCCAGGCCAGCCAGCAGGGCCTGAAGA
5,117814048,BsaAI,1,502,CACGTG,"CACGTA,TACGTG,CACGTG,TACGTA",CTGGTTGCAAGGGAAGGAGGTGTGGGGTGGGGGCTCGAAACCAGATACCAGGAGGGGCAAGTCTTGGGAACGAAATAGATCCACGCTCTGTGTCAGAAATGATTAACCGACGTTCATATCAAAGAATTCACAGACGGCTGGGCCTGAGGAATGTCACAAAGAGTGGAAATGCAGCCTGGAACGTGTATGTGTGAGGCTCAGACCCGACGACTGGGCCGGCTGGACGAACGAAGCCCGCTGGACGATGGGCACACCGAGAAATGTGGGTGAGCCCCCGCCCCGGTCCAGGCACAAAGGTGAGTAGGCCCCCCTCCAAAGCAGGCGTGGTGTTTCTCTCTGATGTTAACTTGTGGACGAGAGGAGAAAACACCCAGGCACACACACTTCCAGGATCCAAACCAAACGCCCAGGGAGCCTCCCAACAGGACTCTGCTGGAACTCCAACAGCAGATCAAGATGCTGCGTCCCCGGGGGCCCAGGTTGGGTCTGGGGGGCGCCCCACGTGCAGACAGTCCCTGGATGCTCTGGTAGCGACTCTGACGCTCAGCTTCCCCGCCTGTAACACACAAGTGGGAATGCCCTCCCGCCCCCTAGGCAGGCTGCGGCACCTCCCAGACCCGGAGCACTGACCAGGCCCCCACACAGGGGCTCTGGGCTCTGCGATGGAGAGCTAGGTCCACCTCTCTTGTGGGGAGGGATTTGCCCCAAAGCCACCCAGGCAGGAGCAGAGAAGGAGGGTGGGATGCAAGGTAGTGGCTGCACACTGTTAAATATAGAGTAGATGTACAACATCCATGTGCACCGCAGGGAACGATGCTCGATGTCCCGGGGTAAAACCACGGTGGGAAAGAATATCTATCAATCCCTTTTCTGGGCAGCAGAAATTAAACCCAACATTGTAAATCAACTATACTTCAATAAAATGTAGAAAAAGAAGTCANNNNNNNNNNNNNNNNNNNNNNNNNNNNNNNNNNNNNNNNNNNNNNNNNNNNNNNNNNNNNNN,CTGGTTGCAAGGGAAGGAGGTGTGGGGTGGGGGCTCGAAACCAGATACCAGGAGGGGCAAGTCTTGGGAACGAAATAGATCCACGCTCTGTGTCAGAAATGATTAACCGACGTTCATATCAAAGAATTCACAGACGGCTGGGCCTGAGGAATGTCACAAAGAGTGGAAATGCAGCCTGGAACGTGTATGTGTGAGGCTCAGACCCGACGACTGGGCCGGCTGGACGAACGAAGCCCGCTGGACGATGGGCACACCGAGAAATGTGGGTGAGCCCCCGCCCCGGTCCAGGCACAAAGGTGAGTAGGCCCCCCTCCAAAGCAGGCGTGGTGTTTCTCTCTGATGTTAACTTGTGGACGAGAGGAGAAAACACCCAGGCACACACACTTCCAGGATCCAAACCAAACGCCCAGGGAGCCTCCCAACAGGACTCTGCTGGAACTCCAACAGCAGATCAAGATGCTGCGTCCCCGGGGGCCCAGGTTGGGTCTGGGGGGCGCCCCATGTGCAGACAGTCCCTGGATGCTCTGGTAGCGACTCTGACGCTCAGCTTCCCCGCCTGTAACACACAAGTGGGAATGCCCTCCCGCCCCCTAGGCAGGCTGCGGCACCTCCCAGACCCGGAGCACTGACCAGGCCCCCACACAGGGGCTCTGGGCTCTGCGATGGAGAGCTAGGTCCACCTCTCTTGTGGGGAGGGATTTGCCCCAAAGCCACCCAGGCAGGAGCAGAGAAGGAGGGTGGGATGCAAGGTAGTGGCTGCACACTGTTAAATATAGAGTAGATGTACAACATCCATGTGCACCGCAGGGAACGATGCTCGATGTCCCGGGGTAAAACCACGGTGGGAAAGAATATCTATCAATCCCTTTTCTGGGCAGCAGAAATTAAACCCAACATTGTAAATCAACTATACTTCAATAAAATGTAGAAAAAGAAGTCANNNNNNNNNNNNNNNNNNNNNNNNNNNNNNNNNNNNNNNNNNNNNNNNNNNNNNNNNNNNNNN
5,117815787,BsaAI,2,502,CACGTG,"CACGTA,TACGTG,CACGTG,TACGTA",CTTAGCAGAGTCCCCTGACTCCCACTCTCCACCCCAGACCCCTGAGCCAGGTTCAGCTGTAAAACCGAGGTGAAAACGGGGCCTCCCGGGTGGGATTAAATGCACAGGGACATTTGTGAAGGGAACATTCCAGGAAGTTTGTTGCTGCCGCGCTGTTGCTAAGAAAGGCGGGAAGAAAGCCAAAATACACACAAACGGCCGTTCTCCCTGTATTTTCGCCACGCTGTTTTCCTGCATGAAAAATATATAGCTTCTTTTTTTAACACCTTTAAAGAAAATACAANNNNNNNNNNNNNNNNNNNNNNNNNNNNNNNNNNNNNNNNNNNNNNNNNNNNNNNNNNNNNNNNNNNNNNNNNNNNNNNNNNNNNNNNNNNNNNNNNNNNNNNNNNNNCCACACGCAGCAGACCAGGAGCGGCGAGCAGCCCGGGCTTCCGCGCGCCGTCGCGGCAGTCCCCGGTCCTTCTCTAGGGCGCAGAGCACCGCTCAGCTCTGAGTCCCTCATGTGTCCGGCTGCCCGGCAGAATACTGTGCTGTGAGAATGGACCCTTCTTATTTGGGGAGCATTAAAAAGAGGAGACTTTTCACAAGGGTCAGAATCAGCTGGTCACCTTAACACGAACCACCGCAGAGCTGTCCATTTCTCAGGCAATGCAGTGACCCGACTCCTGAGGACTGCGGCCACAGGTCGAAGGAGGTGCTTTTGTGATAGTTGCTCAGACGTGGGAAAACCCAGGGCTGGGAGGCAGAGGTCCACCGAGCGTGGCCTGTGCGCTCGGCACTGCGTATGAAGAAGCACCTCCTACTGGCCCCAGCGATCTCCGTGGGGACGCCTTTTGTTCTGGAAAAGATCCTCCCCAGGTGTGGCCTTTCACCAGACAAGCTCGGGGGCCGGTGAGCGGGGCCCAGGAGCGTCAGAGCTGCCGTCCCCACCAGGCCGGGTCCCTTATCTGTATCTGCCTGGCCGGGCAGGCTCTCCGAGTTTTCTGGGAACCCAGGAGTTCAC,CTTAGCAGAGTCCCCTGACTCCCACTCTCCACCCCAGACCCCTGAGCCAGGTTCAGCTGTAAAACCGAGGTGAAAACGGGGCCTCCCGGGTGGGATTAAATGCACAGGGACATTTGTGAAGGGAACATTCCAGGAAGTTTGTTGCTGCCGCGCTGTTGCTAAGAAAGGCGGGAAGAAAGCCAAAATACACACAAACGGCCGTTCTCCCTGTATTTTCGCCACGCTGTTTTCCTGCATGAAAAATATATAGCTTCTTTTTTTAACACCTTTAAAGAAAATACAANNNNNNNNNNNNNNNNNNNNNNNNNNNNNNNNNNNNNNNNNNNNNNNNNNNNNNNNNNNNNNNNNNNNNNNNNNNNNNNNNNNNNNNNNNNNNNNNNNNNNNNNNNNNCCACACGCAGCAGACCAGGAGCGGCGAGCAGCCCGGGCTTCCGCGCGCCGTCGCGGCAGTCCCCGGTCCTTCTCTAGGGCGCAGAGCACCGCTCAGCTCTGAGTCCCTCACGTGTCCGGCTGCCCGGCAGAATACTGTGCTGTGAGAATGGACCCTTCTTATTTGGGGAGCATTAAAAAGAGGAGACTTTTCACAAGGGTCAGAATCAGCTGGTCACCTTAACACGAACCACCGCAGAGCTGTCCATTTCTCAGGCAATGCAGTGACCCGACTCCTGAGGACTGCGGCCACAGGTCGAAGGAGGTGCTTTTGTGATAGTTGCTCAGACGTGGGAAAACCCAGGGCTGGGAGGCAGAGGTCCACCGAGCGTGGCCTGTGCGCTCGGCACTGCGTATGAAGAAGCACCTCCTACTGGCCCCAGCGATCTCCGTGGGGACGCCTTTTGTTCTGGAAAAGATCCTCCCCAGGTGTGGCCTTTCACCAGACAAGCTCGGGGGCCGGTGAGCGGGGCCCAGGAGCGTCAGAGCTGCCGTCCCCACCAGGCCGGGTCCCTTATCTGTATCTGCCTGGCCGGGCAGGCTCTCCGAGTTTTCTGGGAACCCAGGAGTTCAC
5,117813204,BsaJI,1,501,CCCCGG,"CCGGGG,CCCCGG,CCGAGG,CCTCGG,CCGTGG,CCACGG,CCGCGG,CCAGGG,CCCTGG,CCAAGG,CCTTGG,CCATGG,CCTGGG,CCCAGG",GCATGCAAGGCTCTGTGGGCACAGAGGGGAGGAGCAAAGAACAGACAGCAAGGCGAAAGGAGCTGCCCCTTCACATCTTCAAGATGAATTTTTAAAGTTTGTGCAAGAGAAAAAGACGGCCAGGAATAAAGGGGCCACGTGGCAGGACATAAGTCACCTTACTTCTCAAGCGAAAGGGGCTCCGGGCACAGGACAGGTAAAGGCCCGAGCCCTGACATTCCCTCCTCCTCCTGGGGCCTGGCCCCAGGGGGCAGCTATCCCAGTCGGGGGATCCCTGCCCTTTTCTCACCCCGAGCCCCACCCCACAGCGGCCTGGCGTGGACACCCAGGGGCCGAGGGGACACAGCATACGATCCAAGAGCTGGAGGCCCAGGCCAGCCAGCAGGGCCTGAAGAAGGGGCAGACTACACTGCTCAGTGCCCACAGGCTGCCCCGAGCAGAGCCCACCACGGGCAGGCGGGATCGGGGCCAGTGAGGACAGGCCCACCGTGCCCACCCCCGGGAAGAGTTCTGAAGGATGCCTTGCGCATCNNNNNNNNNNNNNCGGGCCAAAACAACCAGCTTTGCAAATCTGTGCGGATCCGGGTTCCTGGCTCCCGGCGAACCCACCCCAAGTCGTCACTTGGGGTCTGCCCCTTTTTATTTCCCTTCAGCTATTTCTTCTCCTTGGGCAGCAACCCCCCCTCCCTGGGCTTTTCCATTCAGGGGTCCCGGAGCAGCCCGTGGGGATTGTTTGTGACACAATAGGGCTTGGTCCCCACGAAGTGCTCATATTTCTACAGCCTTTTAACCTGCTACAGACAATTCCTCATCAGGGAGGCGGATGGGGGTTCAATTTCAAATGCTGGTTGCAAGGGAAGGAGGTGTGGGGTGGGGGCTCGAAACCAGATACCAGGAGGGGCAAGTCTTGGGAACGAAATAGATCCACGCTCTGTGTCAGAAATGATTAACCGACGTTCATATCAAAGAATTCACAGACGGCTGGGCCTGAGGAATGTCACAA,GCATGCAAGGCTCTGTGGGCACAGAGGGGAGGAGCAAAGAACAGACAGCAAGGCGAAAGGAGCTGCCCCTTCACATCTTCAAGATGAATTTTTAAAGTTTGTGCAAGAGAAAAAGACGGCCAGGAATAAAGGGGCCACGTGGCAGGACATAAGTCACCTTACTTCTCAAGCGAAAGGGGCTCCGGGCACAGGACAGGTAAAGGCCCGAGCCCTGACATTCCCTCCTCCTCCTGGGGCCTGGCCCCAGGGGGCAGCTATCCCAGTCGGGGGATCCCTGCCCTTTTCTCACCCCGAGCCCCACCCCACAGCGGCCTGGCGTGGACACCCAGGGGCCGAGGGGACACAGCATACGATCCAAGAGCTGGAGGCCCAGGCCAGCCAGCAGGGCCTGAAGAAGGGGCAGACTACACTGCTCAGTGCCCACAGGCTGCCCCGAGCAGAGCCCACCACGGGCAGGCGGGATCGGGGCCAGTGAGGACAGGCCCACCGTGCCCACCCCCGAGAAGAGTTCTGAAGGATGCCTTGCGCATCNNNNNNNNNNNNNCGGGCCAAAACAACCAGCTTTGCAAATCTGTGCGGATCCGGGTTCCTGGCTCCCGGCGAACCCACCCCAAGTCGTCACTTGGGGTCTGCCCCTTTTTATTTCCCTTCAGCTATTTCTTCTCCTTGGGCAGCAACCCCCCCTCCCTGGGCTTTTCCATTCAGGGGTCCCGGAGCAGCCCGTGGGGATTGTTTGTGACACAATAGGGCTTGGTCCCCACGAAGTGCTCATATTTCTACAGCCTTTTAACCTGCTACAGACAATTCCTCATCAGGGAGGCGGATGGGGGTTCAATTTCAAATGCTGGTTGCAAGGGAAGGAGGTGTGGGGTGGGGGCTCGAAACCAGATACCAGGAGGGGCAAGTCTTGGGAACGAAATAGATCCACGCTCTGTGTCAGAAATGATTAACCGACGTTCATATCAAAGAATTCACAGACGGCTGGGCCTGAGGAATGTCACAA
5,117813369,BsaJI,1,504,CCTTGG,"CCGGGG,CCCCGG,CCGAGG,CCTCGG,CCGTGG,CCACGG,CCGCGG,CCAGGG,CCCTGG,CCAAGG,CCTTGG,CCATGG,CCTGGG,CCCAGG",TCAAGCGAAAGGGGCTCCGGGCACAGGACAGGTAAAGGCCCGAGCCCTGACATTCCCTCCTCCTCCTGGGGCCTGGCCCCAGGGGGCAGCTATCCCAGTCGGGGGATCCCTGCCCTTTTCTCACCCCGAGCCCCACCCCACAGCGGCCTGGCGTGGACACCCAGGGGCCGAGGGGACACAGCATACGATCCAAGAGCTGGAGGCCCAGGCCAGCCAGCAGGGCCTGAAGAAGGGGCAGACTACACTGCTCAGTGCCCACAGGCTGCCCCGAGCAGAGCCCACCACGGGCAGGCGGGATCGGGGCCAGTGAGGACAGGCCCACCGTGCCCACCCCCGGGAAGAGTTCTGAAGGATGCCTTGCGCATCNNNNNNNNNNNNNCGGGCCAAAACAACCAGCTTTGCAAATCTGTGCGGATCCGGGTTCCTGGCTCCCGGCGAACCCACCCCAAGTCGTCACTTGGGGTCTGCCCCTTTTTATTTCCCTTCAGCTATTTCTTCTCCTTGGGCAGCAACCCCCCCTCCCTGGGCTTTTCCATTCAGGGGTCCCGGAGCAGCCCGTGGGGATTGTTTGTGACACAATAGGGCTTGGTCCCCACGAAGTGCTCATATTTCTACAGCCTTTTAACCTGCTACAGACAATTCCTCATCAGGGAGGCGGATGGGGGTTCAATTTCAAATGCTGGTTGCAAGGGAAGGAGGTGTGGGGTGGGGGCTCGAAACCAGATACCAGGAGGGGCAAGTCTTGGGAACGAAATAGATCCACGCTCTGTGTCAGAAATGATTAACCGACGTTCATATCAAAGAATTCACAGACGGCTGGGCCTGAGGAATGTCACAAAGAGTGGAAATGCAGCCTGGAACGTGTATGTGTGAGGCTCAGACCCGACGACTGGGCCGGCTGGACGAACGAAGCCCGCTGGACGATGGGCACACCGAGAAATGTGGGTGAGCCCCCGCCCCGGTCCAGGCACAAAGGTGAGTAGGCCCCCCTCCAAAGCAGGCG,TCAAGCGAAAGGGGCTCCGGGCACAGGACAGGTAAAGGCCCGAGCCCTGACATTCCCTCCTCCTCCTGGGGCCTGGCCCCAGGGGGCAGCTATCCCAGTCGGGGGATCCCTGCCCTTTTCTCACCCCGAGCCCCACCCCACAGCGGCCTGGCGTGGACACCCAGGGGCCGAGGGGACACAGCATACGATCCAAGAGCTGGAGGCCCAGGCCAGCCAGCAGGGCCTGAAGAAGGGGCAGACTACACTGCTCAGTGCCCACAGGCTGCCCCGAGCAGAGCCCACCACGGGCAGGCGGGATCGGGGCCAGTGAGGACAGGCCCACCGTGCCCACCCCCGGGAAGAGTTCTGAAGGATGCCTTGCGCATCNNNNNNNNNNNNNCGGGCCAAAACAACCAGCTTTGCAAATCTGTGCGGATCCGGGTTCCTGGCTCCCGGCGAACCCACCCCAAGTCGTCACTTGGGGTCTGCCCCTTTTTATTTCCCTTCAGCTATTTCTTCTCCCTGGGCAGCAACCCCCCCTCCCTGGGCTTTTCCATTCAGGGGTCCCGGAGCAGCCCGTGGGGATTGTTTGTGACACAATAGGGCTTGGTCCCCACGAAGTGCTCATATTTCTACAGCCTTTTAACCTGCTACAGACAATTCCTCATCAGGGAGGCGGATGGGGGTTCAATTTCAAATGCTGGTTGCAAGGGAAGGAGGTGTGGGGTGGGGGCTCGAAACCAGATACCAGGAGGGGCAAGTCTTGGGAACGAAATAGATCCACGCTCTGTGTCAGAAATGATTAACCGACGTTCATATCAAAGAATTCACAGACGGCTGGGCCTGAGGAATGTCACAAAGAGTGGAAATGCAGCCTGGAACGTGTATGTGTGAGGCTCAGACCCGACGACTGGGCCGGCTGGACGAACGAAGCCCGCTGGACGATGGGCACACCGAGAAATGTGGGTGAGCCCCCGCCCCGGTCCAGGCACAAAGGTGAGTAGGCCCCCCTCCAAAGCAGGCG
5,117813783,Cac8I,1,500,GCCCGC,"GCGGGC,GCCCGC,GCGAGC,GCTCGC,GCGTGC,GCACGC,GCAGGC,GCCTGC,GCAAGC,GCTTGC,GCATGC,GCTGGC,GCCAGC",ATCCGGGTTCCTGGCTCCCGGCGAACCCACCCCAAGTCGTCACTTGGGGTCTGCCCCTTTTTATTTCCCTTCAGCTATTTCTTCTCCTTGGGCAGCAACCCCCCCTCCCTGGGCTTTTCCATTCAGGGGTCCCGGAGCAGCCCGTGGGGATTGTTTGTGACACAATAGGGCTTGGTCCCCACGAAGTGCTCATATTTCTACAGCCTTTTAACCTGCTACAGACAATTCCTCATCAGGGAGGCGGATGGGGGTTCAATTTCAAATGCTGGTTGCAAGGGAAGGAGGTGTGGGGTGGGGGCTCGAAACCAGATACCAGGAGGGGCAAGTCTTGGGAACGAAATAGATCCACGCTCTGTGTCAGAAATGATTAACCGACGTTCATATCAAAGAATTCACAGACGGCTGGGCCTGAGGAATGTCACAAAGAGTGGAAATGCAGCCTGGAACGTGTATGTGTGAGGCTCAGACCCGACGACTGGGCCGGCTGGACGAACGAAGCCCGCTGGACGATGGGCACACCGAGAAATGTGGGTGAGCCCCCGCCCCGGTCCAGGCACAAAGGTGAGTAGGCCCCCCTCCAAAGCAGGCGTGGTGTTTCTCTCTGATGTTAACTTGTGGACGAGAGGAGAAAACACCCAGGCACACACACTTCCAGGATCCAAACCAAACGCCCAGGGAGCCTCCCAACAGGACTCTGCTGGAACTCCAACAGCAGATCAAGATGCTGCGTCCCCGGGGGCCCAGGTTGGGTCTGGGGGGCGCCCCACGTGCAGACAGTCCCTGGATGCTCTGGTAGCGACTCTGACGCTCAGCTTCCCCGCCTGTAACACACAAGTGGGAATGCCCTCCCGCCCCCTAGGCAGGCTGCGGCACCTCCCAGACCCGGAGCACTGACCAGGCCCCCACACAGGGGCTCTGGGCTCTGCGATGGAGAGCTAGGTCCACCTCTCTTGTGGGGAGGGATTTGCCCCAAAGCCACCCAGGCAGGAGCAGAGAAGGAGGG,ATCCGGGTTCCTGGCTCCCGGCGAACCCACCCCAAGTCGTCACTTGGGGTCTGCCCCTTTTTATTTCCCTTCAGCTATTTCTTCTCCTTGGGCAGCAACCCCCCCTCCCTGGGCTTTTCCATTCAGGGGTCCCGGAGCAGCCCGTGGGGATTGTTTGTGACACAATAGGGCTTGGTCCCCACGAAGTGCTCATATTTCTACAGCCTTTTAACCTGCTACAGACAATTCCTCATCAGGGAGGCGGATGGGGGTTCAATTTCAAATGCTGGTTGCAAGGGAAGGAGGTGTGGGGTGGGGGCTCGAAACCAGATACCAGGAGGGGCAAGTCTTGGGAACGAAATAGATCCACGCTCTGTGTCAGAAATGATTAACCGACGTTCATATCAAAGAATTCACAGACGGCTGGGCCTGAGGAATGTCACAAAGAGTGGAAATGCAGCCTGGAACGTGTATGTGTGAGGCTCAGACCCGACGACTGGGCCGGCTGGACGAACGAAGCCCACTGGACGATGGGCACACCGAGAAATGTGGGTGAGCCCCCGCCCCGGTCCAGGCACAAAGGTGAGTAGGCCCCCCTCCAAAGCAGGCGTGGTGTTTCTCTCTGATGTTAACTTGTGGACGAGAGGAGAAAACACCCAGGCACACACACTTCCAGGATCCAAACCAAACGCCCAGGGAGCCTCCCAACAGGACTCTGCTGGAACTCCAACAGCAGATCAAGATGCTGCGTCCCCGGGGGCCCAGGTTGGGTCTGGGGGGCGCCCCACGTGCAGACAGTCCCTGGATGCTCTGGTAGCGACTCTGACGCTCAGCTTCCCCGCCTGTAACACACAAGTGGGAATGCCCTCCCGCCCCCTAGGCAGGCTGCGGCACCTCCCAGACCCGGAGCACTGACCAGGCCCCCACACAGGGGCTCTGGGCTCTGCGATGGAGAGCTAGGTCCACCTCTCTTGTGGGGAGGGATTTGCCCCAAAGCCACCCAGGCAGGAGCAGAGAAGGAGGG
5,117812596,HaeII,2,506,AGCGCC,"AGCGCC,GGCGCT",NNNNNNNNNNNNNNNNNNNNNNNNNNNNNNNNNNNNNNNNNNNNNNNNNNNNNNNNNNNNNNNNNNNNNNNNNNNNNNNNNNNNNNNNNNNNNNNNNNNNNNNNNNNNNNNNNNNNNNNNNNNNNNNNNNNNNNNNNNNNNNNNNNNNNNNNNNNNNNNNNNNNNNNNNNNNNNNNNNNNNNNNNNNNNNNNNTTGGATGGACACCCACCATTCACCTTCCCCGTTTTTTCTATCTGTCAAACGAGGATAAACTGCATCCCAAAGCCTTCCTAGAGAGACTCACAAGCAATTACAGGCAGAAAGAGCAGCGAGCGTTCTCCATCAGGCTTGGGAAGTGTGTGTGTCGACACAGTCAGCCTGACTTGGGGGTTTGGGAGGAACAAAGGCCCCAGCAAGGGTGTCTGATCTGGGCTCAGCTCATCCATCTTGGTCGAGGGAAGACAAAGCATGGCTGGATGGCTGGTGGGGGGGAGGAATCAGGACAATCGTGAGGCGGCGACGGCGCCTGGCTCAGGCGCACACGGCCAGCCGCGCGTTGGCAGGAGGGACTGTGATGCGAGCGGTTCACCCGAGCATTCAGGGCGAGACTGGGGCTGGGGAGGAGAAGGCATGCAAGGCTCTGTGGGCACAGAGGGGAGGAGCAAAGAACAGACAGCAAGGCGAAAGGAGCTGCCCCTTCACATCTTCAAGATGAATTTTTAAAGTTTGTGCAAGAGAAAAAGACGGCCAGGAATAAAGGGGCCACGTGGCAGGACATAAGTCACCTTACTTCTCAAGCGAAAGGGGCTCCGGGCACAGGACAGGTAAAGGCCCGAGCCCTGACATTCCCTCCTCCTCCTGGGGCCTGGCCCCAGGGGGCAGCTATCCCAGTCGGGGGATCCCTGCCCTTTTCTCACCCCGAGCCCCACCCCACAGCGGCCTGGCGTGGACACCCAGGGGCCGAGGGGACACAGCATACGATCCAAGAGCTGGAGGCCCAGGCCAGCCAGCAGGGCCTGAAGA,NNNNNNNNNNNNNNNNNNNNNNNNNNNNNNNNNNNNNNNNNNNNNNNNNNNNNNNNNNNNNNNNNNNNNNNNNNNNNNNNNNNNNNNNNNNNNNNNNNNNNNNNNNNNNNNNNNNNNNNNNNNNNNNNNNNNNNNNNNNNNNNNNNNNNNNNNNNNNNNNNNNNNNNNNNNNNNNNNNNNNNNNNNNNNNNNNTTGGATGGACACCCACCATTCACCTTCCCCGTTTTTTCTATCTGTCAAACGAGGATAAACTGCATCCCAAAGCCTTCCTAGAGAGACTCACAAGCAATTACAGGCAGAAAGAGCAGCGAGCGTTCTCCATCAGGCTTGGGAAGTGTGTGTGTCGACACAGTCAGCCTGACTTGGGGGTTTGGGAGGAACAAAGGCCCCAGCAAGGGTGTCTGATCTGGGCTCAGCTCATCCATCTTGGTCGAGGGAAGACAAAGCATGGCTGGATGGCTGGTGGGGGGGAGGAATCAGGACAATCGTGAGGCGGCGACAGCGCCTGGCTCAGGCGCACACGGCCAGCCGCGCGTTGGCAGGAGGGACTGTGATGCGAGCGGTTCACCCGAGCATTCAGGGCGAGACTGGGGCTGGGGAGGAGAAGGCATGCAAGGCTCTGTGGGCACAGAGGGGAGGAGCAAAGAACAGACAGCAAGGCGAAAGGAGCTGCCCCTTCACATCTTCAAGATGAATTTTTAAAGTTTGTGCAAGAGAAAAAGACGGCCAGGAATAAAGGGGCCACGTGGCAGGACATAAGTCACCTTACTTCTCAAGCGAAAGGGGCTCCGGGCACAGGACAGGTAAAGGCCCGAGCCCTGACATTCCCTCCTCCTCCTGGGGCCTGGCCCCAGGGGGCAGCTATCCCAGTCGGGGGATCCCTGCCCTTTTCTCACCCCGAGCCCCACCCCACAGCGGCCTGGCGTGGACACCCAGGGGCCGAGGGGACACAGCATACGATCCAAGAGCTGGAGGCCCAGGCCAGCCAGCAGGGCCTGAAGA
5,117816063,HaeII,2,499,GGCGCT,"AGCGCC,GGCGCT",AATACAANNNNNNNNNNNNNNNNNNNNNNNNNNNNNNNNNNNNNNNNNNNNNNNNNNNNNNNNNNNNNNNNNNNNNNNNNNNNNNNNNNNNNNNNNNNNNNNNNNNNNNNNNNNNCCACACGCAGCAGACCAGGAGCGGCGAGCAGCCCGGGCTTCCGCGCGCCGTCGCGGCAGTCCCCGGTCCTTCTCTAGGGCGCAGAGCACCGCTCAGCTCTGAGTCCCTCATGTGTCCGGCTGCCCGGCAGAATACTGTGCTGTGAGAATGGACCCTTCTTATTTGGGGAGCATTAAAAAGAGGAGACTTTTCACAAGGGTCAGAATCAGCTGGTCACCTTAACACGAACCACCGCAGAGCTGTCCATTTCTCAGGCAATGCAGTGACCCGACTCCTGAGGACTGCGGCCACAGGTCGAAGGAGGTGCTTTTGTGATAGTTGCTCAGACGTGGGAAAACCCAGGGCTGGGAGGCAGAGGTCCACCGAGCGTGGCCTGTGCGCTCGGCACTGCGTATGAAGAAGCACCTCCTACTGGCCCCAGCGATCTCCGTGGGGACGCCTTTTGTTCTGGAAAAGATCCTCCCCAGGTGTGGCCTTTCACCAGACAAGCTCGGGGGCCGGTGAGCGGGGCCCAGGAGCGTCAGAGCTGCCGTCCCCACCAGGCCGGGTCCCTTATCTGTATCTGCCTGGCCGGGCAGGCTCTCCGAGTTTTCTGGGAACCCAGGAGTTCACGCAGCTTTGCTCCAAGGGGGTCTCTTCTCCAGTGACAGATGGAGGGCTCAAGGTCAGGGTTCTTTCCATTTACACAGTGCCTTCTTGGAACATTTACACATGTTCCTTCTTTTAGGGGCTCTGTGGACCAGAAGCTGCTCAACACGAAGGGGAGGCCCCTCAAGCGCCCCACGAGAAGTGCACGCCCTGAACCCCTGGAGTCTATGACTCTGACGTCGGCTGCTCCCAGCTGGACCAGAGCCGCAGAGGGGCCCTTGGAACGGTCCAGGAGAGAAA,AATACAANNNNNNNNNNNNNNNNNNNNNNNNNNNNNNNNNNNNNNNNNNNNNNNNNNNNNNNNNNNNNNNNNNNNNNNNNNNNNNNNNNNNNNNNNNNNNNNNNNNNNNNNNNNNCCACACGCAGCAGACCAGGAGCGGCGAGCAGCCCGGGCTTCCGCGCGCCGTCGCGGCAGTCCCCGGTCCTTCTCTAGGGCGCAGAGCACCGCTCAGCTCTGAGTCCCTCATGTGTCCGGCTGCCCGGCAGAATACTGTGCTGTGAGAATGGACCCTTCTTATTTGGGGAGCATTAAAAAGAGGAGACTTTTCACAAGGGTCAGAATCAGCTGGTCACCTTAACACGAACCACCGCAGAGCTGTCCATTTCTCAGGCAATGCAGTGACCCGACTCCTGAGGACTGCGGCCACAGGTCGAAGGAGGTGCTTTTGTGATAGTTGCTCAGACGTGGGAAAACCCAGGGCTGGGAGGCAGAGGTCCACCGAGCGTGGCCTGTGCGCTCGGCGCTGCGTATGAAGAAGCACCTCCTACTGGCCCCAGCGATCTCCGTGGGGACGCCTTTTGTTCTGGAAAAGATCCTCCCCAGGTGTGGCCTTTCACCAGACAAGCTCGGGGGCCGGTGAGCGGGGCCCAGGAGCGTCAGAGCTGCCGTCCCCACCAGGCCGGGTCCCTTATCTGTATCTGCCTGGCCGGGCAGGCTCTCCGAGTTTTCTGGGAACCCAGGAGTTCACGCAGCTTTGCTCCAAGGGGGTCTCTTCTCCAGTGACAGATGGAGGGCTCAAGGTCAGGGTTCTTTCCATTTACACAGTGCCTTCTTGGAACATTTACACATGTTCCTTCTTTTAGGGGCTCTGTGGACCAGAAGCTGCTCAACACGAAGGGGAGGCCCCTCAAGCGCCCCACGAGAAGTGCACGCCCTGAACCCCTGGAGTCTATGACTCTGACGTCGGCTGCTCCCAGCTGGACCAGAGCCGCAGAGGGGCCCTTGGAACGGTCCAGGAGAGAAA
5,117814003,Hpy188III,1,498,TCAAGA,"TCGGGA,TCCCGA,TCGAGA,TCTCGA,TCGTGA,TCACGA,TCGCGA,TCAGGA,TCCTGA,TCAAGA,TCTTGA,TCTGGA,TCCAGA,TCTAGA",GACAATTCCTCATCAGGGAGGCGGATGGGGGTTCAATTTCAAATGCTGGTTGCAAGGGAAGGAGGTGTGGGGTGGGGGCTCGAAACCAGATACCAGGAGGGGCAAGTCTTGGGAACGAAATAGATCCACGCTCTGTGTCAGAAATGATTAACCGACGTTCATATCAAAGAATTCACAGACGGCTGGGCCTGAGGAATGTCACAAAGAGTGGAAATGCAGCCTGGAACGTGTATGTGTGAGGCTCAGACCCGACGACTGGGCCGGCTGGACGAACGAAGCCCGCTGGACGATGGGCACACCGAGAAATGTGGGTGAGCCCCCGCCCCGGTCCAGGCACAAAGGTGAGTAGGCCCCCCTCCAAAGCAGGCGTGGTGTTTCTCTCTGATGTTAACTTGTGGACGAGAGGAGAAAACACCCAGGCACACACACTTCCAGGATCCAAACCAAACGCCCAGGGAGCCTCCCAACAGGACTCTGCTGGAACTCCAACAGCAGATCAAGATGCTGCGTCCCCGGGGGCCCAGGTTGGGTCTGGGGGGCGCCCCACGTGCAGACAGTCCCTGGATGCTCTGGTAGCGACTCTGACGCTCAGCTTCCCCGCCTGTAACACACAAGTGGGAATGCCCTCCCGCCCCCTAGGCAGGCTGCGGCACCTCCCAGACCCGGAGCACTGACCAGGCCCCCACACAGGGGCTCTGGGCTCTGCGATGGAGAGCTAGGTCCACCTCTCTTGTGGGGAGGGATTTGCCCCAAAGCCACCCAGGCAGGAGCAGAGAAGGAGGGTGGGATGCAAGGTAGTGGCTGCACACTGTTAAATATAGAGTAGATGTACAACATCCATGTGCACCGCAGGGAACGATGCTCGATGTCCCGGGGTAAAACCACGGTGGGAAAGAATATCTATCAATCCCTTTTCTGGGCAGCAGAAATTAAACCCAACATTGTAAATCAACTATACTTCAATAAAATGTAGAAAAAGAAGTCANNNNNNNNNNNNNNNNNN,GACAATTCCTCATCAGGGAGGCGGATGGGGGTTCAATTTCAAATGCTGGTTGCAAGGGAAGGAGGTGTGGGGTGGGGGCTCGAAACCAGATACCAGGAGGGGCAAGTCTTGGGAACGAAATAGATCCACGCTCTGTGTCAGAAATGATTAACCGACGTTCATATCAAAGAATTCACAGACGGCTGGGCCTGAGGAATGTCACAAAGAGTGGAAATGCAGCCTGGAACGTGTATGTGTGAGGCTCAGACCCGACGACTGGGCCGGCTGGACGAACGAAGCCCGCTGGACGATGGGCACACCGAGAAATGTGGGTGAGCCCCCGCCCCGGTCCAGGCACAAAGGTGAGTAGGCCCCCCTCCAAAGCAGGCGTGGTGTTTCTCTCTGATGTTAACTTGTGGACGAGAGGAGAAAACACCCAGGCACACACACTTCCAGGATCCAAACCAAACGCCCAGGGAGCCTCCCAACAGGACTCTGCTGGAACTCCAACAGCAGATCAAGGTGCTGCGTCCCCGGGGGCCCAGGTTGGGTCTGGGGGGCGCCCCACGTGCAGACAGTCCCTGGATGCTCTGGTAGCGACTCTGACGCTCAGCTTCCCCGCCTGTAACACACAAGTGGGAATGCCCTCCCGCCCCCTAGGCAGGCTGCGGCACCTCCCAGACCCGGAGCACTGACCAGGCCCCCACACAGGGGCTCTGGGCTCTGCGATGGAGAGCTAGGTCCACCTCTCTTGTGGGGAGGGATTTGCCCCAAAGCCACCCAGGCAGGAGCAGAGAAGGAGGGTGGGATGCAAGGTAGTGGCTGCACACTGTTAAATATAGAGTAGATGTACAACATCCATGTGCACCGCAGGGAACGATGCTCGATGTCCCGGGGTAAAACCACGGTGGGAAAGAATATCTATCAATCCCTTTTCTGGGCAGCAGAAATTAAACCCAACATTGTAAATCAACTATACTTCAATAAAATGTAGAAAAAGAAGTCANNNNNNNNNNNNNNNNNN
5,117813783,MspA1I,1,502,CCGCTG,"CAGCGG,CCGCTG,CAGCTG",ATCCGGGTTCCTGGCTCCCGGCGAACCCACCCCAAGTCGTCACTTGGGGTCTGCCCCTTTTTATTTCCCTTCAGCTATTTCTTCTCCTTGGGCAGCAACCCCCCCTCCCTGGGCTTTTCCATTCAGGGGTCCCGGAGCAGCCCGTGGGGATTGTTTGTGACACAATAGGGCTTGGTCCCCACGAAGTGCTCATATTTCTACAGCCTTTTAACCTGCTACAGACAATTCCTCATCAGGGAGGCGGATGGGGGTTCAATTTCAAATGCTGGTTGCAAGGGAAGGAGGTGTGGGGTGGGGGCTCGAAACCAGATACCAGGAGGGGCAAGTCTTGGGAACGAAATAGATCCACGCTCTGTGTCAGAAATGATTAACCGACGTTCATATCAAAGAATTCACAGACGGCTGGGCCTGAGGAATGTCACAAAGAGTGGAAATGCAGCCTGGAACGTGTATGTGTGAGGCTCAGACCCGACGACTGGGCCGGCTGGACGAACGAAGCCCGCTGGACGATGGGCACACCGAGAAATGTGGGTGAGCCCCCGCCCCGGTCCAGGCACAAAGGTGAGTAGGCCCCCCTCCAAAGCAGGCGTGGTGTTTCTCTCTGATGTTAACTTGTGGACGAGAGGAGAAAACACCCAGGCACACACACTTCCAGGATCCAAACCAAACGCCCAGGGAGCCTCCCAACAGGACTCTGCTGGAACTCCAACAGCAGATCAAGATGCTGCGTCCCCGGGGGCCCAGGTTGGGTCTGGGGGGCGCCCCACGTGCAGACAGTCCCTGGATGCTCTGGTAGCGACTCTGACGCTCAGCTTCCCCGCCTGTAACACACAAGTGGGAATGCCCTCCCGCCCCCTAGGCAGGCTGCGGCACCTCCCAGACCCGGAGCACTGACCAGGCCCCCACACAGGGGCTCTGGGCTCTGCGATGGAGAGCTAGGTCCACCTCTCTTGTGGGGAGGGATTTGCCCCAAAGCCACCCAGGCAGGAGCAGAGAAGGAGGG,ATCCGGGTTCCTGGCTCCCGGCGAACCCACCCCAAGTCGTCACTTGGGGTCTGCCCCTTTTTATTTCCCTTCAGCTATTTCTTCTCCTTGGGCAGCAACCCCCCCTCCCTGGGCTTTTCCATTCAGGGGTCCCGGAGCAGCCCGTGGGGATTGTTTGTGACACAATAGGGCTTGGTCCCCACGAAGTGCTCATATTTCTACAGCCTTTTAACCTGCTACAGACAATTCCTCATCAGGGAGGCGGATGGGGGTTCAATTTCAAATGCTGGTTGCAAGGGAAGGAGGTGTGGGGTGGGGGCTCGAAACCAGATACCAGGAGGGGCAAGTCTTGGGAACGAAATAGATCCACGCTCTGTGTCAGAAATGATTAACCGACGTTCATATCAAAGAATTCACAGACGGCTGGGCCTGAGGAATGTCACAAAGAGTGGAAATGCAGCCTGGAACGTGTATGTGTGAGGCTCAGACCCGACGACTGGGCCGGCTGGACGAACGAAGCCCACTGGACGATGGGCACACCGAGAAATGTGGGTGAGCCCCCGCCCCGGTCCAGGCACAAAGGTGAGTAGGCCCCCCTCCAAAGCAGGCGTGGTGTTTCTCTCTGATGTTAACTTGTGGACGAGAGGAGAAAACACCCAGGCACACACACTTCCAGGATCCAAACCAAACGCCCAGGGAGCCTCCCAACAGGACTCTGCTGGAACTCCAACAGCAGATCAAGATGCTGCGTCCCCGGGGGCCCAGGTTGGGTCTGGGGGGCGCCCCACGTGCAGACAGTCCCTGGATGCTCTGGTAGCGACTCTGACGCTCAGCTTCCCCGCCTGTAACACACAAGTGGGAATGCCCTCCCGCCCCCTAGGCAGGCTGCGGCACCTCCCAGACCCGGAGCACTGACCAGGCCCCCACACAGGGGCTCTGGGCTCTGCGATGGAGAGCTAGGTCCACCTCTCTTGTGGGGAGGGATTTGCCCCAAAGCCACCCAGGCAGGAGCAGAGAAGGAGGG
5,117814183,StuI,2,499,AGGCCT,AGGCCT,GGCTGGGCCTGAGGAATGTCACAAAGAGTGGAAATGCAGCCTGGAACGTGTATGTGTGAGGCTCAGACCCGACGACTGGGCCGGCTGGACGAACGAAGCCCGCTGGACGATGGGCACACCGAGAAATGTGGGTGAGCCCCCGCCCCGGTCCAGGCACAAAGGTGAGTAGGCCCCCCTCCAAAGCAGGCGTGGTGTTTCTCTCTGATGTTAACTTGTGGACGAGAGGAGAAAACACCCAGGCACACACACTTCCAGGATCCAAACCAAACGCCCAGGGAGCCTCCCAACAGGACTCTGCTGGAACTCCAACAGCAGATCAAGATGCTGCGTCCCCGGGGGCCCAGGTTGGGTCTGGGGGGCGCCCCACGTGCAGACAGTCCCTGGATGCTCTGGTAGCGACTCTGACGCTCAGCTTCCCCGCCTGTAACACACAAGTGGGAATGCCCTCCCGCCCCCTAGGCAGGCTGCGGCACCTCCCAGACCCGGAGCACTGACCAGGCCCCCACACAGGGGCTCTGGGCTCTGCGATGGAGAGCTAGGTCCACCTCTCTTGTGGGGAGGGATTTGCCCCAAAGCCACCCAGGCAGGAGCAGAGAAGGAGGGTGGGATGCAAGGTAGTGGCTGCACACTGTTAAATATAGAGTAGATGTACAACATCCATGTGCACCGCAGGGAACGATGCTCGATGTCCCGGGGTAAAACCACGGTGGGAAAGAATATCTATCAATCCCTTTTCTGGGCAGCAGAAATTAAACCCAACATTGTAAATCAACTATACTTCAATAAAATGTAGAAAAAGAAGTCANNNNNNNNNNNNNNNNNNNNNNNNNNNNNNNNNNNNNNNNNNNNNNNNNNNNNNNNNNNNNNNNNNNNNNNNNNNNNNNNNNNNNNNNNNNNNNNNNNNNNNNNNNNNNNNNNNNNNNNNNNNNNNNNNNNNNNNNNNNNAGAACCTTCTTCAGTGAAATTGGCAGGAGCTCAGAGTTCCCCNNNNNNNNNNNNNNNN,GGCTGGGCCTGAGGAATGTCACAAAGAGTGGAAATGCAGCCTGGAACGTGTATGTGTGAGGCTCAGACCCGACGACTGGGCCGGCTGGACGAACGAAGCCCGCTGGACGATGGGCACACCGAGAAATGTGGGTGAGCCCCCGCCCCGGTCCAGGCACAAAGGTGAGTAGGCCCCCCTCCAAAGCAGGCGTGGTGTTTCTCTCTGATGTTAACTTGTGGACGAGAGGAGAAAACACCCAGGCACACACACTTCCAGGATCCAAACCAAACGCCCAGGGAGCCTCCCAACAGGACTCTGCTGGAACTCCAACAGCAGATCAAGATGCTGCGTCCCCGGGGGCCCAGGTTGGGTCTGGGGGGCGCCCCACGTGCAGACAGTCCCTGGATGCTCTGGTAGCGACTCTGACGCTCAGCTTCCCCGCCTGTAACACACAAGTGGGAATGCCCTCCCGCCCCCTAGGCAGGCTGCGGCACCTCCCAGACCCGGAGCACTGACCAGGCCTCCACACAGGGGCTCTGGGCTCTGCGATGGAGAGCTAGGTCCACCTCTCTTGTGGGGAGGGATTTGCCCCAAAGCCACCCAGGCAGGAGCAGAGAAGGAGGGTGGGATGCAAGGTAGTGGCTGCACACTGTTAAATATAGAGTAGATGTACAACATCCATGTGCACCGCAGGGAACGATGCTCGATGTCCCGGGGTAAAACCACGGTGGGAAAGAATATCTATCAATCCCTTTTCTGGGCAGCAGAAATTAAACCCAACATTGTAAATCAACTATACTTCAATAAAATGTAGAAAAAGAAGTCANNNNNNNNNNNNNNNNNNNNNNNNNNNNNNNNNNNNNNNNNNNNNNNNNNNNNNNNNNNNNNNNNNNNNNNNNNNNNNNNNNNNNNNNNNNNNNNNNNNNNNNNNNNNNNNNNNNNNNNNNNNNNNNNNNNNNNNNNNNNAGAACCTTCTTCAGTGAAATTGGCAGGAGCTCAGAGTTCCCCNNNNNNNNNNNNNNNN
5,117812596,Hpy99I,1,502,CGACG,"CGACG,CGTCG",NNNNNNNNNNNNNNNNNNNNNNNNNNNNNNNNNNNNNNNNNNNNNNNNNNNNNNNNNNNNNNNNNNNNNNNNNNNNNNNNNNNNNNNNNNNNNNNNNNNNNNNNNNNNNNNNNNNNNNNNNNNNNNNNNNNNNNNNNNNNNNNNNNNNNNNNNNNNNNNNNNNNNNNNNNNNNNNNNNNNNNNNNNNNNNNNNTTGGATGGACACCCACCATTCACCTTCCCCGTTTTTTCTATCTGTCAAACGAGGATAAACTGCATCCCAAAGCCTTCCTAGAGAGACTCACAAGCAATTACAGGCAGAAAGAGCAGCGAGCGTTCTCCATCAGGCTTGGGAAGTGTGTGTGTCGACACAGTCAGCCTGACTTGGGGGTTTGGGAGGAACAAAGGCCCCAGCAAGGGTGTCTGATCTGGGCTCAGCTCATCCATCTTGGTCGAGGGAAGACAAAGCATGGCTGGATGGCTGGTGGGGGGGAGGAATCAGGACAATCGTGAGGCGGCGACGGCGCCTGGCTCAGGCGCACACGGCCAGCCGCGCGTTGGCAGGAGGGACTGTGATGCGAGCGGTTCACCCGAGCATTCAGGGCGAGACTGGGGCTGGGGAGGAGAAGGCATGCAAGGCTCTGTGGGCACAGAGGGGAGGAGCAAAGAACAGACAGCAAGGCGAAAGGAGCTGCCCCTTCACATCTTCAAGATGAATTTTTAAAGTTTGTGCAAGAGAAAAAGACGGCCAGGAATAAAGGGGCCACGTGGCAGGACATAAGTCACCTTACTTCTCAAGCGAAAGGGGCTCCGGGCACAGGACAGGTAAAGGCCCGAGCCCTGACATTCCCTCCTCCTCCTGGGGCCTGGCCCCAGGGGGCAGCTATCCCAGTCGGGGGATCCCTGCCCTTTTCTCACCCCGAGCCCCACCCCACAGCGGCCTGGCGTGGACACCCAGGGGCCGAGGGGACACAGCATACGATCCAAGAGCTGGAGGCCCAGGCCAGCCAGCAGGGCCTGAAGA,NNNNNNNNNNNNNNNNNNNNNNNNNNNNNNNNNNNNNNNNNNNNNNNNNNNNNNNNNNNNNNNNNNNNNNNNNNNNNNNNNNNNNNNNNNNNNNNNNNNNNNNNNNNNNNNNNNNNNNNNNNNNNNNNNNNNNNNNNNNNNNNNNNNNNNNNNNNNNNNNNNNNNNNNNNNNNNNNNNNNNNNNNNNNNNNNNTTGGATGGACACCCACCATTCACCTTCCCCGTTTTTTCTATCTGTCAAACGAGGATAAACTGCATCCCAAAGCCTTCCTAGAGAGACTCACAAGCAATTACAGGCAGAAAGAGCAGCGAGCGTTCTCCATCAGGCTTGGGAAGTGTGTGTGTCGACACAGTCAGCCTGACTTGGGGGTTTGGGAGGAACAAAGGCCCCAGCAAGGGTGTCTGATCTGGGCTCAGCTCATCCATCTTGGTCGAGGGAAGACAAAGCATGGCTGGATGGCTGGTGGGGGGGAGGAATCAGGACAATCGTGAGGCGGCGACAGCGCCTGGCTCAGGCGCACACGGCCAGCCGCGCGTTGGCAGGAGGGACTGTGATGCGAGCGGTTCACCCGAGCATTCAGGGCGAGACTGGGGCTGGGGAGGAGAAGGCATGCAAGGCTCTGTGGGCACAGAGGGGAGGAGCAAAGAACAGACAGCAAGGCGAAAGGAGCTGCCCCTTCACATCTTCAAGATGAATTTTTAAAGTTTGTGCAAGAGAAAAAGACGGCCAGGAATAAAGGGGCCACGTGGCAGGACATAAGTCACCTTACTTCTCAAGCGAAAGGGGCTCCGGGCACAGGACAGGTAAAGGCCCGAGCCCTGACATTCCCTCCTCCTCCTGGGGCCTGGCCCCAGGGGGCAGCTATCCCAGTCGGGGGATCCCTGCCCTTTTCTCACCCCGAGCCCCACCCCACAGCGGCCTGGCGTGGACACCCAGGGGCCGAGGGGACACAGCATACGATCCAAGAGCTGGAGGCCCAGGCCAGCCAGCAGGGCCTGAAGA
5,117813193,CviQI,2,500,GTAC,GTAC,GGGAGGAGAAGGCATGCAAGGCTCTGTGGGCACAGAGGGGAGGAGCAAAGAACAGACAGCAAGGCGAAAGGAGCTGCCCCTTCACATCTTCAAGATGAATTTTTAAAGTTTGTGCAAGAGAAAAAGACGGCCAGGAATAAAGGGGCCACGTGGCAGGACATAAGTCACCTTACTTCTCAAGCGAAAGGGGCTCCGGGCACAGGACAGGTAAAGGCCCGAGCCCTGACATTCCCTCCTCCTCCTGGGGCCTGGCCCCAGGGGGCAGCTATCCCAGTCGGGGGATCCCTGCCCTTTTCTCACCCCGAGCCCCACCCCACAGCGGCCTGGCGTGGACACCCAGGGGCCGAGGGGACACAGCATACGATCCAAGAGCTGGAGGCCCAGGCCAGCCAGCAGGGCCTGAAGAAGGGGCAGACTACACTGCTCAGTGCCCACAGGCTGCCCCGAGCAGAGCCCACCACGGGCAGGCGGGATCGGGGCCAGTGAGGACAGGCCCACCGTGCCCACCCCCGGGAAGAGTTCTGAAGGATGCCTTGCGCATCNNNNNNNNNNNNNCGGGCCAAAACAACCAGCTTTGCAAATCTGTGCGGATCCGGGTTCCTGGCTCCCGGCGAACCCACCCCAAGTCGTCACTTGGGGTCTGCCCCTTTTTATTTCCCTTCAGCTATTTCTTCTCCTTGGGCAGCAACCCCCCCTCCCTGGGCTTTTCCATTCAGGGGTCCCGGAGCAGCCCGTGGGGATTGTTTGTGACACAATAGGGCTTGGTCCCCACGAAGTGCTCATATTTCTACAGCCTTTTAACCTGCTACAGACAATTCCTCATCAGGGAGGCGGATGGGGGTTCAATTTCAAATGCTGGTTGCAAGGGAAGGAGGTGTGGGGTGGGGGCTCGAAACCAGATACCAGGAGGGGCAAGTCTTGGGAACGAAATAGATCCACGCTCTGTGTCAGAAATGATTAACCGACGTTCATATCAAAGAATTCACAGACGGCTGGGCCTGAG,GGGAGGAGAAGGCATGCAAGGCTCTGTGGGCACAGAGGGGAGGAGCAAAGAACAGACAGCAAGGCGAAAGGAGCTGCCCCTTCACATCTTCAAGATGAATTTTTAAAGTTTGTGCAAGAGAAAAAGACGGCCAGGAATAAAGGGGCCACGTGGCAGGACATAAGTCACCTTACTTCTCAAGCGAAAGGGGCTCCGGGCACAGGACAGGTAAAGGCCCGAGCCCTGACATTCCCTCCTCCTCCTGGGGCCTGGCCCCAGGGGGCAGCTATCCCAGTCGGGGGATCCCTGCCCTTTTCTCACCCCGAGCCCCACCCCACAGCGGCCTGGCGTGGACACCCAGGGGCCGAGGGGACACAGCATACGATCCAAGAGCTGGAGGCCCAGGCCAGCCAGCAGGGCCTGAAGAAGGGGCAGACTACACTGCTCAGTGCCCACAGGCTGCCCCGAGCAGAGCCCACCACGGGCAGGCGGGATCGGGGCCAGTGAGGACAGGCCCACCGTACCCACCCCCGGGAAGAGTTCTGAAGGATGCCTTGCGCATCNNNNNNNNNNNNNCGGGCCAAAACAACCAGCTTTGCAAATCTGTGCGGATCCGGGTTCCTGGCTCCCGGCGAACCCACCCCAAGTCGTCACTTGGGGTCTGCCCCTTTTTATTTCCCTTCAGCTATTTCTTCTCCTTGGGCAGCAACCCCCCCTCCCTGGGCTTTTCCATTCAGGGGTCCCGGAGCAGCCCGTGGGGATTGTTTGTGACACAATAGGGCTTGGTCCCCACGAAGTGCTCATATTTCTACAGCCTTTTAACCTGCTACAGACAATTCCTCATCAGGGAGGCGGATGGGGGTTCAATTTCAAATGCTGGTTGCAAGGGAAGGAGGTGTGGGGTGGGGGCTCGAAACCAGATACCAGGAGGGGCAAGTCTTGGGAACGAAATAGATCCACGCTCTGTGTCAGAAATGATTAACCGACGTTCATATCAAAGAATTCACAGACGGCTGGGCCTGAG
5,117815397,HpyCH4IV,2,500,ACGT,ACGT,TTTTCCTCTGAGACAAGGGACGCCCGCACCCTAGGATGGGCACAGTGTCCCCCAGGGCGTGGGCAGCACACTGCTGCATGGAAGCCTGACGGGGCCACCGGGCAGGGCGCACGGCTGGCCGAAAGGGGCACCTGCTCCTGCCTGCTTCGCCTGCCGGGGACCTGGGGCAGGGGACACGCTGCCCAGCTTGGCAGCATCTCCTGGAGAGAGGCTAAGTCCAGTGTCATTCAGAACTGAGGACCCGGGCCCCCTGCCGAGTCCCTGATACTGGGCTGGCTGTCACACCAACGCAGCCAGGGCCCAAGGCTGGCAGGGGCCAGGGGACAGCAAGGTCCACAGCCTCCAACGAGCATCACCTCCAAAAGGCCAAGAGGTCACATCCTTACCCCACTTAGCAGAGTCCCCTGACTCCCACTCTCCACCCCAGACCCCTGAGCCAGGTTCAGCTGTAAAACCGAGGTGAAAACGGGGCCTCCCGGGTGGGATTAAATGCACAGGGACATTTGTGAAGGGAACATTCCAGGAAGTTTGTTGCTGCCGCGCTGTTGCTAAGAAAGGCGGGAAGAAAGCCAAAATACACACAAACGGCCGTTCTCCCTGTATTTTCGCCACGCTGTTTTCCTGCATGAAAAATATATAGCTTCTTTTTTTAACACCTTTAAAGAAAATACAANNNNNNNNNNNNNNNNNNNNNNNNNNNNNNNNNNNNNNNNNNNNNNNNNNNNNNNNNNNNNNNNNNNNNNNNNNNNNNNNNNNNNNNNNNNNNNNNNNNNNNNNNNNNCCACACGCAGCAGACCAGGAGCGGCGAGCAGCCCGGGCTTCCGCGCGCCGTCGCGGCAGTCCCCGGTCCTTCTCTAGGGCGCAGAGCACCGCTCAGCTCTGAGTCCCTCATGTGTCCGGCTGCCCGGCAGAATACTGTGCTGTGAGAATGGACCCTTCTTATTTGGGGAGCATTAAAAAGAGGAGACTTTTCACAAGGGTCAGAATCAGCTGGTCACCTTAA,TTTTCCTCTGAGACAAGGGACGCCCGCACCCTAGGATGGGCACAGTGTCCCCCAGGGCGTGGGCAGCACACTGCTGCATGGAAGCCTGACGGGGCCACCGGGCAGGGCGCACGGCTGGCCGAAAGGGGCACCTGCTCCTGCCTGCTTCGCCTGCCGGGGACCTGGGGCAGGGGACACGCTGCCCAGCTTGGCAGCATCTCCTGGAGAGAGGCTAAGTCCAGTGTCATTCAGAACTGAGGACCCGGGCCCCCTGCCGAGTCCCTGATACTGGGCTGGCTGTCACACCAACGCAGCCAGGGCCCAAGGCTGGCAGGGGCCAGGGGACAGCAAGGTCCACAGCCTCCAACGAGCATCACCTCCAAAAGGCCAAGAGGTCACATCCTTACCCCACTTAGCAGAGTCCCCTGACTCCCACTCTCCACCCCAGACCCCTGAGCCAGGTTCAGCTGTAAAACCGAGGTGAAAACGGGGCCTCCCGGGTGGGATTAAATGCACAGGGACGTTTGTGAAGGGAACATTCCAGGAAGTTTGTTGCTGCCGCGCTGTTGCTAAGAAAGGCGGGAAGAAAGCCAAAATACACACAAACGGCCGTTCTCCCTGTATTTTCGCCACGCTGTTTTCCTGCATGAAAAATATATAGCTTCTTTTTTTAACACCTTTAAAGAAAATACAANNNNNNNNNNNNNNNNNNNNNNNNNNNNNNNNNNNNNNNNNNNNNNNNNNNNNNNNNNNNNNNNNNNNNNNNNNNNNNNNNNNNNNNNNNNNNNNNNNNNNNNNNNNNCCACACGCAGCAGACCAGGAGCGGCGAGCAGCCCGGGCTTCCGCGCGCCGTCGCGGCAGTCCCCGGTCCTTCTCTAGGGCGCAGAGCACCGCTCAGCTCTGAGTCCCTCATGTGTCCGGCTGCCCGGCAGAATACTGTGCTGTGAGAATGGACCCTTCTTATTTGGGGAGCATTAAAAAGAGGAGACTTTTCACAAGGGTCAGAATCAGCTGGTCACCTTAA
